id,prediction
6111,0
11214,0
5554,1
25131,1
14324,1
26678,0
16233,0
27820,0
26402,1
312,0
23063,0
4148,0
24006,1
7231,1
12798,1
6087,1
6440,0
4685,1
5094,0
15170,0
23119,1
626,0
4989,1
3581,0
25935,0
13804,1
8101,0
19938,1
27229,1
20650,1
15785,1
8887,0
9463,0
21060,0
25972,0
5312,1
10305,0
4058,1
14958,1
6944,0
27342,0
23439,0
3382,0
14401,0
23586,0
1227,0
21617,1
17791,0
4519,1
8079,1
5678,1
10122,1
20202,1
18492,1
22022,0
22097,0
11176,0
26099,0
18442,0
9773,0
16457,0
23931,0
22824,0
14177,0
26221,0
12610,1
27124,1
5216,0
14363,1
8919,1
21937,0
5199,0
25459,1
22778,0
273,0
4813,1
9683,0
7175,1
25783,0
23772,0
21842,1
16242,1
5388,1
16568,1
24741,0
8845,0
7640,1
6178,0
27752,1
10339,0
11679,0
27652,1
345,1
14880,0
13523,1
6188,0
1901,0
10992,1
15331,0
5222,0
22806,0
20296,1
15440,1
4689,1
26300,0
16055,0
7567,1
14867,1
8358,1
516,0
2201,0
505,1
11201,0
8238,0
5201,0
19533,0
7840,1
6119,0
19823,1
6334,1
26492,0
5535,0
21362,0
10512,0
12539,1
4194,0
15004,0
15603,0
2907,1
21046,0
11769,0
13954,0
2346,0
8304,0
1661,0
9100,0
10133,0
24208,0
5198,0
13317,1
1588,1
25951,1
21339,1
25958,1
6025,1
21120,0
2540,0
14918,1
13620,0
20294,1
17502,0
11073,1
25662,0
20734,0
2754,0
7495,1
2277,1
18824,1
21052,0
11026,1
22869,1
17991,1
9331,0
7937,0
23231,1
8944,1
12027,1
16461,0
7481,0
10468,1
10244,1
21547,1
10221,1
27484,0
2647,1
23573,0
16316,1
9648,0
26990,1
23801,1
5503,0
11243,0
27689,1
852,0
5720,1
17624,1
16213,1
16437,0
7063,1
10210,1
22136,0
19263,0
3949,0
14618,1
5032,1
10397,1
8999,0
13115,1
8480,0
6778,0
5638,1
8008,1
9356,1
14250,1
11532,0
1441,1
6198,0
1190,1
17805,1
22587,0
1512,0
9819,0
11687,0
25914,1
27310,0
8672,0
9585,0
14782,1
18232,0
6663,0
20729,1
27351,0
13996,0
24167,0
26992,1
5746,0
9391,0
5775,1
8351,1
27186,1
20228,0
16435,0
19453,0
2136,1
9043,0
16699,0
20297,0
7563,0
7934,0
8248,1
24069,0
6562,1
22600,0
1921,0
3589,0
25763,0
17592,0
15273,1
16141,0
20719,1
16278,0
8470,0
27691,0
24055,1
17097,0
3455,0
1366,1
2813,1
26779,0
20545,0
15060,1
4645,0
9427,1
27501,0
18014,0
11490,0
22106,0
23734,1
12079,0
16782,0
24659,0
428,0
14181,1
3473,0
16317,1
25561,0
12939,0
23636,1
23974,0
20461,1
20883,0
22501,1
15099,1
19095,1
2767,1
11624,0
22160,1
11642,1
3635,0
24296,1
3753,1
12304,1
6708,0
22782,0
18686,0
13912,0
27213,0
8972,0
27742,0
2760,1
9995,0
23594,0
5282,0
19571,0
17284,0
7576,1
11726,0
10146,1
5673,0
5925,0
26880,1
10581,0
3752,1
21252,1
19009,1
7760,0
6939,0
20121,0
8285,1
18905,1
1427,0
7755,0
19505,0
10368,1
11813,1
26169,0
17578,1
16784,0
17240,1
26189,1
12517,0
9659,1
9263,0
11809,0
22094,1
17066,0
19357,0
19003,0
3580,0
1598,1
4672,0
13014,0
16731,0
24339,1
21844,0
27392,0
1444,1
7706,1
22216,1
27443,1
27118,0
2898,0
18661,1
46,1
18386,1
23451,1
10968,0
27379,0
9644,0
24446,0
9195,0
22407,1
22727,0
15017,1
3222,0
4702,1
22325,0
25949,1
23670,1
3492,1
22311,1
8049,1
20910,1
26764,0
20972,0
16323,0
19618,1
26232,0
7819,0
16912,1
24418,0
21418,0
18455,0
5671,0
4125,0
905,0
5551,0
6,0
12567,1
15201,1
26898,0
12890,0
99,0
12572,1
5705,1
27862,1
10911,0
1450,1
3394,0
21011,0
19651,1
5963,1
12463,1
14405,0
26136,0
10023,0
10806,1
24683,0
9059,0
3246,0
21484,0
5128,0
4106,1
5523,0
16097,1
1815,1
3068,1
6847,1
10137,0
16565,0
2901,0
23240,0
23569,0
14197,1
20541,1
25735,1
23445,1
24647,0
9888,1
22914,0
17998,0
17662,1
11020,0
16510,0
4471,1
16950,0
22140,1
17229,1
20011,0
8857,0
23414,0
18150,1
14403,0
24942,0
3993,0
13862,1
10229,1
17693,1
15375,0
15191,0
1087,0
16665,0
14494,1
13297,1
5697,0
2408,1
12723,0
11724,1
14001,0
17300,0
25992,0
15615,1
7301,1
2982,1
9684,0
6052,1
25967,1
23036,0
7500,1
26672,0
733,1
19887,1
8832,0
10904,0
20615,0
21105,0
12240,0
26696,0
24261,0
9870,0
13664,1
5121,0
20894,1
11628,1
13433,0
11988,0
23134,1
7051,0
19184,0
9317,1
6289,1
21396,0
20236,0
15980,0
5144,1
26965,0
15542,1
4985,1
19599,1
9565,1
8121,0
12344,0
6682,1
5621,0
23213,1
25261,1
8827,1
2980,1
25820,1
14662,0
22033,0
8373,1
10733,1
19553,0
8255,1
19861,1
8030,1
22098,0
25393,0
3660,0
21862,1
397,0
2726,1
21745,0
18397,1
10950,0
12971,0
9373,0
21436,1
20613,1
19013,0
12246,1
14632,1
7049,1
4178,0
23175,0
11051,0
24710,1
6717,0
24739,1
18973,0
4384,0
16318,1
21719,1
3210,0
18744,0
14822,0
6481,1
1103,1
15839,1
16822,0
13837,1
5663,1
27770,0
27526,0
11147,1
4707,1
18760,1
21653,1
3525,0
1337,0
18078,0
2884,0
15952,0
1791,1
22491,0
18903,1
3643,0
12387,0
18353,0
274,1
5505,0
9594,0
2958,0
23014,1
10509,0
20490,1
19140,1
16746,0
866,1
6711,0
5712,1
5436,0
18716,0
10872,1
7468,1
3350,1
16882,1
21294,0
24936,0
1947,0
20064,1
26972,1
20741,1
25911,0
2752,0
9098,0
22375,0
20252,0
7456,0
3316,1
10879,1
16089,0
17269,1
25243,0
23221,1
22484,0
7581,1
6433,1
5155,1
26761,0
4375,0
15315,0
13469,0
7209,0
2240,0
13225,1
8270,1
22404,1
9212,1
21867,1
573,0
14094,1
4170,1
23086,1
7152,0
8020,1
13941,0
17799,0
16811,1
22478,1
20197,1
10890,0
22744,0
3844,0
21851,1
16003,1
26521,1
250,1
27673,0
6919,1
4229,0
24130,0
14811,1
15900,0
8494,0
20712,1
22220,0
3840,0
22292,0
843,0
10297,0
14508,0
2718,0
4165,0
5732,0
15364,0
7102,0
27286,0
13044,0
12023,1
4974,1
7072,0
22509,1
5514,0
26750,0
18861,0
7907,0
4739,1
7416,1
14151,0
15286,0
9975,0
25382,1
25993,1
7841,1
19690,0
13287,0
11677,1
8158,1
11766,0
13825,0
5556,0
24427,1
25748,1
25842,0
21938,0
21019,1
3160,1
911,1
14316,0
12885,1
25025,0
19961,0
16487,0
14321,0
26598,1
4977,1
18976,1
12364,0
19683,1
18762,0
196,0
10316,0
18964,0
27210,0
22871,0
11123,0
6977,0
10505,1
26058,1
9934,1
15919,1
21749,0
351,0
7555,1
11127,0
8868,1
23442,0
13351,0
18738,0
14798,0
14491,0
20156,1
7178,1
705,1
16145,0
23392,1
5026,0
4469,1
15834,0
6223,0
1668,0
16893,1
11482,0
4932,1
10094,1
8487,1
23768,1
550,1
17115,0
19674,1
15505,0
16716,0
27615,1
15335,0
5437,0
25206,1
17195,0
16113,1
11812,1
19705,1
14930,1
121,0
1406,0
2281,1
8293,0
19754,0
21371,0
5496,1
3858,0
3547,0
4730,0
25787,0
14283,1
10219,1
12359,0
19886,0
15793,1
23596,0
7969,0
4569,1
27282,1
9300,0
27153,0
3398,0
2171,0
15199,0
3053,1
23480,1
3780,0
4115,0
15000,1
25750,0
26801,0
4400,1
9929,0
13595,1
579,0
22748,1
21892,1
9792,0
15107,0
52,1
25631,0
1122,1
7397,0
19922,0
6952,1
23397,1
15292,1
8426,0
1448,0
2259,1
21669,0
12385,0
27002,0
14240,0
12053,0
8451,0
4282,1
6508,1
6863,1
9069,0
9618,1
10193,0
19831,0
27113,0
15491,0
26175,0
26629,1
17752,1
7427,0
10052,1
16659,0
10455,1
24248,0
14077,1
25174,1
23349,0
4339,0
9547,0
16441,0
5589,0
19038,0
1109,1
23079,0
16927,1
9375,1
9645,0
12968,0
9194,1
16394,0
15013,0
12088,0
22576,1
11326,0
15420,1
2153,0
17202,0
2724,0
25898,1
10189,0
10533,0
18308,1
13816,0
14161,1
8206,1
16071,1
5683,0
22189,1
23992,1
401,0
22831,0
25548,0
3711,1
4981,0
13162,0
21620,1
10299,0
18329,1
27579,1
19025,0
9977,1
5345,0
25262,1
17759,0
4110,0
6888,0
19908,0
5286,1
18475,0
4408,1
14657,1
22411,0
11414,1
12994,0
24836,0
2464,0
2119,0
7893,0
16721,1
12499,0
15090,1
23281,0
17523,1
22124,0
20997,1
2142,0
16685,0
17536,0
3806,1
14735,0
3096,0
14962,0
13972,1
22070,1
12659,1
18182,1
4128,0
10933,0
16600,1
462,0
20605,1
6769,0
278,0
7759,1
18379,0
11403,0
23785,0
323,1
5332,0
8025,0
17167,0
9842,1
14495,1
17837,1
2561,0
24355,1
17495,0
16712,0
8164,1
21688,0
21877,0
27758,1
23618,1
7431,0
17083,0
21673,1
25337,0
3451,1
15243,0
11917,0
10385,1
10321,0
10643,1
22929,0
9891,0
16506,0
10792,0
14180,1
25326,1
9441,0
5160,1
7302,0
24894,1
12307,0
24497,1
13577,0
9541,0
17546,1
16338,1
18698,0
22976,0
17701,1
26182,1
9942,1
4449,0
18936,0
21861,0
12038,1
11129,0
1288,1
7451,1
18576,0
10362,0
24636,1
25926,1
3426,0
9199,1
22132,1
9477,1
5635,1
14326,1
21379,0
18090,0
12282,0
9892,1
7757,1
5259,0
7438,0
12908,1
21209,0
12643,1
14251,0
24460,1
16180,1
5804,0
7525,0
5100,0
11983,0
2694,0
26956,1
7578,0
8157,0
22204,1
5980,1
25595,0
18684,1
10859,1
25671,0
15778,1
22563,0
27232,0
20391,1
19507,1
775,1
3441,0
3639,0
4068,0
11557,1
19387,1
10920,0
2325,0
9875,0
2383,1
26246,1
6239,0
18158,1
3386,1
3885,1
9392,0
16277,1
5658,0
3108,1
8497,0
25520,0
17092,1
14221,0
17676,1
4345,0
13035,0
18319,0
26440,1
15852,1
8797,0
21471,1
9798,1
4450,0
4143,0
24827,0
16769,0
11895,0
14402,0
18459,0
20016,0
23883,0
24372,0
10260,0
24925,1
23644,0
17475,0
16993,0
13483,0
10212,0
18960,0
15053,0
8279,1
6455,1
13706,1
18310,1
13110,0
10463,1
27247,1
1889,1
22121,1
5653,0
5157,0
24478,0
24526,0
26660,0
4186,0
14143,1
12104,1
13557,0
11276,0
23697,0
13177,0
11828,0
24856,0
22182,0
11773,1
21671,1
23778,1
6281,0
26345,1
15978,0
6039,0
14883,0
22532,1
24786,1
9970,1
25600,1
23588,0
6149,1
18026,0
5210,1
13347,0
12738,0
20574,0
3027,0
11305,0
25586,0
12959,0
23353,0
22767,1
25439,0
24314,0
34,1
20707,0
26338,1
4168,0
27218,0
261,1
18940,1
13387,0
18066,0
2055,1
16545,1
14137,0
8763,0
14092,1
4684,0
5532,1
27612,1
13208,1
12895,1
25038,0
27157,1
24820,0
14598,1
4043,1
10071,0
6128,0
19950,1
2602,0
24243,0
25590,1
13513,0
3964,1
14777,1
23553,1
5115,0
13286,1
24356,0
24735,1
25125,1
12295,1
474,1
25027,0
27381,0
26635,0
5880,0
25947,0
1555,1
10438,0
9760,1
19535,1
22987,0
26126,0
17089,1
22279,0
13211,0
20267,0
17422,1
10373,0
17612,1
18123,0
9904,0
27211,1
7406,0
12805,1
17505,0
24019,1
10575,0
16860,0
15741,1
6234,1
13466,0
14498,1
7477,0
24437,0
24332,0
17074,1
26831,1
23314,1
20503,0
16569,1
10761,1
5513,0
10163,0
12457,1
11872,0
14684,1
14807,0
15325,1
19108,1
17797,0
2532,0
4421,0
27527,0
12248,1
4579,1
10901,1
24184,1
18281,1
873,0
18571,0
20722,1
8629,0
14065,0
25815,0
11976,1
19776,0
11018,0
11163,1
23075,0
8355,1
4771,1
20646,0
24436,1
24749,0
1182,0
7201,0
2641,0
8834,0
22191,0
20948,0
9720,0
14372,1
18209,0
18092,1
7221,1
19285,1
3694,0
8796,0
20471,0
26567,0
16686,0
1388,1
12082,0
14843,0
24495,0
26834,0
980,1
20994,0
536,1
1758,0
25837,1
14476,1
5260,1
27543,0
22684,1
2508,1
14906,1
11175,0
5174,0
1959,1
4639,0
13312,1
1660,0
16595,1
18985,0
16722,0
14888,1
18191,0
20637,0
17745,0
12536,0
6290,0
27554,1
8957,0
18304,1
3077,1
3874,0
13175,0
10099,1
21810,0
12574,0
26939,1
12654,0
5384,1
24529,0
19721,0
17041,1
19062,0
4206,1
2250,0
22174,1
491,1
8341,1
6463,0
17378,1
18098,1
21095,1
11472,0
23832,0
24722,0
25513,1
2342,0
19413,0
971,0
880,1
2208,1
14524,0
2111,0
4843,0
21608,1
17598,0
19394,0
4659,1
17957,1
5770,1
8299,0
21124,1
15568,0
423,0
20949,0
6280,1
24088,0
3230,1
25002,0
10739,1
4101,0
18996,0
24290,1
10882,0
10862,0
23309,0
17865,0
9619,1
7012,0
6214,1
24912,1
10140,0
657,1
27562,0
14723,0
16800,0
13062,1
18644,0
10906,1
15757,0
6753,1
23808,0
4990,1
14872,1
1923,0
10168,1
11286,0
17131,0
27778,0
16823,0
16594,0
2595,1
25440,0
18185,0
21183,1
27414,0
7474,0
26490,1
20458,1
13915,1
21926,0
23535,1
6657,1
12367,1
12487,1
19213,0
7258,0
23346,1
23761,0
20557,1
22188,1
8610,0
12416,1
27804,0
17319,0
21694,0
6325,1
25905,0
18989,1
8658,0
16520,1
19629,0
17707,0
15803,1
2168,0
2744,1
7690,1
19306,0
25626,1
15888,1
24278,1
19437,0
2507,1
15348,0
27126,1
11960,1
25738,0
17936,0
485,0
27168,0
16695,1
11654,0
1278,1
14276,0
4285,1
26327,0
19408,1
8058,0
17986,1
3916,0
19712,1
4715,0
17973,0
3537,0
11794,1
26016,1
17395,0
2141,1
13207,0
5068,1
11887,1
10865,0
20400,0
3396,0
3876,0
24773,1
3901,0
18547,1
10557,1
3792,0
6138,0
18253,1
10460,1
20603,0
11368,0
6400,0
25808,0
26634,0
20356,1
7375,0
13021,0
26758,0
7241,0
17346,0
11146,0
8704,0
17913,0
5339,0
291,0
1266,0
16760,1
19249,0
16190,0
16751,1
6173,0
19400,0
15665,1
22027,1
243,0
21173,0
27040,1
11311,0
22701,1
11686,1
27280,0
3045,1
6619,0
12408,1
16606,0
20246,0
22217,0
9222,1
16287,0
4513,1
10269,0
23444,1
5934,1
13309,0
23608,1
14891,0
11089,0
13494,1
10863,0
20328,0
22763,0
20429,0
8643,0
25119,0
8310,1
9579,0
8292,0
26104,0
11946,1
11285,1
17902,1
501,0
15192,1
11342,0
9485,1
2476,1
27146,0
6235,1
16962,0
26744,0
9928,1
674,1
10241,1
12985,1
20800,1
8364,1
17963,0
1489,0
16036,1
27587,1
1453,0
24312,0
24514,0
15783,1
8874,0
11117,1
15255,1
6215,0
24606,0
640,1
26804,1
4699,0
11758,1
7439,1
22739,1
22585,1
953,0
341,1
24515,1
6692,0
22809,0
1968,0
18152,0
1684,1
3488,0
25969,0
10194,0
3592,0
7488,0
8639,1
18305,1
3050,0
3798,1
10359,1
7891,0
20526,1
6876,1
4203,0
12868,1
1202,0
20171,1
26749,1
11060,0
17407,0
24845,0
23657,1
21320,0
15314,1
2286,0
1322,0
26926,1
12244,0
1246,1
8274,0
11074,1
9681,1
1837,1
19529,1
11625,1
7722,0
13370,1
25805,0
16247,0
25218,0
7885,0
19806,0
26289,1
11265,0
927,0
6014,0
1475,0
24101,0
21058,0
12462,1
6462,1
5610,0
3662,0
4794,0
1804,1
11504,1
7918,0
13220,0
13899,1
20177,0
12702,0
14763,1
26430,1
5262,1
23066,1
26683,1
6504,0
14032,1
2541,1
2579,0
25730,1
14740,1
20845,0
13340,1
3383,1
26266,0
6245,1
512,0
27505,1
11222,1
26505,1
10630,0
25867,1
5227,0
7515,0
1456,1
16176,0
4306,1
11583,1
1937,0
11626,1
22949,1
16831,0
3595,1
1972,0
7298,0
4596,0
15342,0
21555,1
26512,1
27109,0
15133,1
18494,0
8863,0
890,0
8165,0
9240,1
3946,0
18109,0
2974,0
14733,0
4678,1
13172,1
8504,0
22805,0
19148,0
17866,0
10586,1
25247,1
26522,1
4034,0
11904,0
27279,0
230,1
24999,0
6422,0
14160,1
1053,1
17753,0
17683,1
21481,1
22919,1
16398,0
21130,0
22389,0
26697,1
5975,1
19290,0
10562,0
1553,0
9535,0
14825,1
6868,1
8686,0
2797,1
6531,1
9693,0
18885,0
20844,0
24453,0
12570,0
24965,1
21561,1
2393,1
5545,0
199,0
18003,0
22530,1
2362,0
10784,0
14528,0
5572,0
1336,1
10841,0
16186,1
4391,1
26121,1
25960,0
1470,1
13539,0
17305,0
8528,1
23613,0
11263,0
23686,0
16982,0
9061,1
1642,1
6427,1
3197,0
23074,0
12698,0
25030,1
21662,1
26368,0
13744,0
12313,1
10676,1
17852,1
19820,0
14111,0
10930,1
5787,0
14848,0
4372,1
26416,1
1215,1
12591,0
6355,0
15256,0
19372,1
1710,0
18735,0
14793,0
19704,0
12832,0
16231,0
3169,0
22517,1
12810,1
25264,0
16803,0
25213,1
6137,0
9073,0
24040,1
6478,1
8735,1
6906,0
18874,0
9539,0
8099,0
5762,0
15044,0
5687,1
6069,0
12854,0
18298,0
9197,1
23026,0
19030,1
5006,0
9750,1
6133,1
5035,0
24719,1
18747,0
20158,0
24064,0
18339,0
24095,1
8466,0
19884,1
7256,0
27220,0
18841,0
14929,0
24771,0
26437,0
936,0
1412,1
24545,0
25089,1
19022,0
24537,0
752,0
17783,1
15869,1
20018,0
15022,0
12549,1
24670,1
26159,1
12430,0
17938,1
10493,0
21965,1
12830,0
12438,1
25274,1
5337,1
10714,1
25045,0
9822,1
26044,1
3725,1
11270,0
17437,1
9642,1
1569,0
27052,0
23975,1
96,0
26563,1
8188,0
8265,1
16431,0
6974,0
22562,0
12770,1
9534,1
9701,1
3978,0
6049,0
27503,0
15402,1
10011,0
23215,0
17386,1
5214,0
24260,1
14368,0
16328,0
14386,0
7088,0
23676,0
4097,0
9733,0
7335,0
16208,1
16919,0
1045,0
15016,0
24430,0
26663,0
8072,0
15716,0
5221,0
10205,0
16771,1
20247,0
9845,0
16423,0
7998,1
24402,1
21960,1
2664,0
19412,1
2388,0
20765,0
11386,0
7341,0
14315,1
7212,1
12321,1
24701,1
25142,0
24916,0
16326,1
23185,1
12947,0
12423,1
1610,1
12960,1
25472,1
13498,1
25374,1
8648,0
14273,0
5647,1
3272,1
3047,0
21882,0
23532,1
27161,0
2157,1
26483,0
22991,0
8390,0
19390,0
19278,1
12400,0
24810,1
21426,0
943,1
25151,1
8324,0
12322,0
3256,1
21704,0
15589,1
9188,0
8943,0
13047,0
12137,1
1503,0
19154,0
16602,0
12267,0
27426,0
16909,0
22435,0
12519,0
15481,0
4520,0
13590,1
18832,1
24377,0
26720,1
25060,1
8393,1
21430,1
7497,0
16547,1
16296,1
8019,0
10656,0
2730,0
22622,1
14461,1
6377,0
4740,0
6604,1
7922,0
24784,1
24713,0
27855,1
13692,1
19855,1
22565,0
7790,1
2316,0
12799,0
20248,0
1113,0
35,1
1730,0
14223,1
5500,0
10249,1
1433,0
1471,0
14229,0
25785,1
20730,0
16922,1
7249,0
3023,1
13953,1
27252,0
1422,1
10755,0
10726,1
22134,0
13040,0
2140,0
14100,1
12892,0
3703,0
18929,1
27795,0
9407,0
8170,1
3690,0
23687,1
12829,1
18358,0
1635,0
10752,0
20751,0
27356,1
23619,1
3710,1
24755,1
3698,0
19067,1
3184,1
7672,0
2583,0
15499,0
2221,1
16863,1
26027,1
10606,0
382,1
26364,0
24433,0
17904,0
5117,0
2497,0
11500,1
10149,1
21623,1
18463,1
20075,0
16333,1
25211,1
24665,0
17278,1
27277,0
5464,0
20024,1
22680,0
2275,0
10826,1
24698,0
3308,0
23027,1
17333,1
23210,1
1483,1
7220,0
1457,1
6151,1
23211,0
19436,1
7042,0
14364,0
19121,0
3931,0
23108,1
7708,0
22667,0
8867,0
25807,0
23441,0
8904,0
20396,1
7739,0
13609,1
3919,0
2851,1
4894,1
27515,0
22878,1
22372,0
8410,1
7315,1
2714,1
18177,1
22058,0
14234,0
12131,1
13651,0
2129,1
26243,0
25823,0
8474,0
4774,1
7247,0
4393,0
11152,1
25458,0
8029,0
1666,1
18476,1
23335,1
25708,0
20279,1
17315,0
993,0
6494,0
12800,0
18190,1
23948,1
10153,1
15597,0
16259,0
21950,0
18842,0
24506,0
13141,0
25771,0
26062,1
16503,0
5516,1
17178,1
17140,0
12102,0
18145,0
5784,0
20478,0
10507,0
24060,0
736,0
7445,1
16126,1
283,1
4783,0
15981,1
18632,1
8714,0
6164,0
14950,0
10834,1
24161,1
8525,0
22151,1
20945,0
11365,0
19519,0
22904,0
12135,1
27400,1
18234,0
6169,1
1805,0
16675,0
24712,0
13762,1
24096,0
2588,1
6067,0
12973,0
9421,0
2084,0
25922,0
14661,1
5937,0
21159,1
26304,1
7325,0
27541,1
2904,0
21349,1
5749,0
27267,0
12152,1
26986,1
20621,0
20320,0
18307,0
7428,0
5317,0
4037,1
27027,1
24131,1
6913,0
21775,0
9309,0
4540,0
17603,0
4819,0
6857,0
21324,1
18216,0
13259,1
20907,0
16875,1
15933,1
20278,1
16026,0
10814,1
12032,1
25463,0
14040,1
18495,1
6725,0
18858,0
13649,1
5640,0
6390,0
24625,1
4258,0
22975,0
11537,1
24239,0
8037,1
21283,1
8087,0
959,0
19188,1
2496,0
10790,1
16368,1
22908,1
22430,0
9544,0
25491,0
22817,0
13260,0
7090,1
15028,1
18201,1
7743,0
26139,1
18656,0
24024,0
10202,0
10654,0
26438,1
10830,0
12781,0
18269,0
7602,0
1175,0
2943,1
3064,0
7779,1
5501,0
22510,1
20333,1
19993,0
8696,1
22206,0
14146,0
20556,1
19701,1
5940,1
13209,0
147,0
14750,0
15488,1
15122,0
17048,1
4160,0
24974,1
14845,0
23712,1
7486,0
11862,1
14603,0
13363,1
10021,0
14307,0
13302,1
2805,0
17026,0
18417,0
21597,0
25679,0
13298,1
14206,1
16468,1
3229,1
25933,0
21824,0
8476,0
11465,0
26946,0
24874,0
4405,0
10612,0
996,0
12670,0
17684,0
16291,0
22232,0
14991,1
19527,1
16804,1
11307,0
15344,0
14773,0
12609,1
11717,0
18676,1
13549,0
11293,0
11203,0
896,1
21740,1
6650,1
18872,0
15758,0
23084,1
21935,1
24753,0
11524,0
14214,1
23102,0
6750,1
13400,0
1818,0
17102,1
14023,0
4605,0
3189,1
8298,1
17664,1
9056,0
24246,1
22169,1
8618,0
4156,0
21465,1
3799,0
2858,1
24358,0
10673,1
25376,0
13681,0
13707,1
26786,1
8407,0
4140,0
27681,0
538,0
21768,0
22006,0
2819,0
25476,1
10854,0
16169,1
19976,0
1323,0
7745,1
16953,0
22910,0
16677,0
11597,1
15188,0
23297,0
8309,1
6379,1
2918,0
8042,1
13078,1
11925,0
4667,0
17923,0
14412,1
11299,1
4070,0
21917,1
11571,1
3745,0
18633,0
7898,1
18125,1
17984,1
10971,1
6250,0
11535,0
6010,0
13497,1
20366,1
20780,1
18522,1
25307,1
9328,1
21247,0
9233,0
26341,0
17038,1
21148,1
20353,0
18082,1
14965,0
15769,0
16130,1
6253,0
25938,1
11428,1
7794,1
17786,1
20853,0
1530,0
5325,0
22493,1
16516,0
4501,0
17789,1
26625,0
9512,1
1962,0
2622,1
20157,0
23256,0
27083,1
7948,0
12350,0
19074,0
20532,1
25746,1
26787,0
21997,1
25497,0
13578,0
6492,0
27119,1
7732,0
25445,0
17544,1
25702,1
12250,1
12113,1
5138,1
18740,0
5414,1
12347,0
1347,0
27078,1
25529,0
1834,0
22698,0
22381,1
16345,1
8374,0
20833,0
24216,0
9165,1
21586,0
16670,0
13024,0
19857,1
12377,0
8489,1
6308,1
25330,0
14425,0
21899,0
9598,1
10563,1
150,1
22872,1
24284,0
10056,0
12238,0
27222,0
15713,0
1690,0
17927,1
26715,0
20839,1
21089,1
26500,0
19081,0
17012,0
12228,1
7348,1
15213,1
13544,0
8332,1
15230,1
20717,1
20610,0
19180,1
15415,1
5525,0
12361,1
21304,0
12736,1
18403,1
25544,0
17734,0
20941,0
22618,1
6498,0
5220,0
27816,1
18392,1
5290,0
12272,0
14654,1
14148,0
13214,0
5405,1
22537,0
9426,1
19848,0
23662,0
3829,1
4950,0
6237,0
1915,1
2949,0
12235,1
1664,0
24513,1
26165,1
6760,0
2266,1
27347,1
22428,1
14071,0
26202,1
23937,1
20084,0
13548,1
24534,0
27195,1
4211,1
27645,1
14979,0
6648,1
21742,1
8843,1
25788,0
3922,0
16356,0
1603,0
21678,0
8761,1
2214,0
6034,0
3813,1
13377,1
22643,0
14926,0
18911,0
22628,0
23585,0
15569,0
5841,1
27045,0
2533,1
26323,0
26285,0
3282,0
24555,0
6399,0
9006,1
22334,0
9722,0
14776,1
6529,0
12140,1
13676,1
20769,1
8807,0
5570,0
3474,1
14194,0
21823,0
8739,1
2960,0
4119,1
11056,0
18038,0
1133,1
19244,0
5354,0
17599,1
9068,0
16561,1
23773,1
2300,0
5864,0
9089,0
22479,1
2004,1
17271,0
9483,1
20380,0
25192,1
13764,0
12943,1
2501,1
21984,0
12950,0
1729,0
22513,1
1981,0
7936,0
26654,1
22064,0
20322,1
10134,0
24634,1
167,1
18132,0
21506,0
4859,0
19859,1
3834,1
11320,0
1644,0
25019,1
12520,0
2414,0
2772,0
4344,0
6664,0
20146,1
20813,1
24328,1
23477,0
367,1
20760,0
4438,0
26006,1
24639,0
247,0
11086,0
9812,0
3706,0
8604,0
16357,1
17529,0
487,0
18006,1
15582,1
24151,0
11644,0
9325,1
9291,1
18916,0
6745,0
26431,1
19083,0
14493,0
20406,0
10978,0
11052,1
26359,0
9459,1
27170,1
11355,1
12302,0
1114,0
4104,0
18969,1
20938,0
14764,0
18598,0
11551,1
7751,0
14545,1
8892,0
450,0
22946,0
22638,1
18813,0
1662,0
3971,0
18906,0
17427,0
25666,0
26682,0
12233,0
22682,1
7974,1
24888,1
24685,0
8137,0
21795,0
13966,1
21716,0
10228,0
18530,0
10044,0
24897,0
12333,0
23642,1
8372,1
22202,1
14613,1
8896,0
7024,1
14956,0
18921,1
9635,1
11048,0
7589,0
315,0
5780,1
14515,0
10290,0
13088,0
6072,1
15478,0
14564,1
4347,1
3778,0
21897,1
14563,0
280,1
10804,1
20436,1
17462,1
16979,1
3820,0
1414,0
21808,0
16250,0
624,1
17217,0
18512,0
14581,0
24414,1
9920,0
6779,0
23209,1
23065,1
10952,0
9622,0
1086,1
17978,1
13355,0
3402,1
10016,0
22555,1
5466,0
15165,1
13090,1
19487,0
17854,0
17944,1
2932,1
12291,1
22514,0
15395,1
26107,1
26112,1
4580,0
17445,0
20838,0
2145,0
18859,0
738,1
5383,0
26066,0
26994,1
22855,1
20893,0
1056,0
3585,0
8477,0
3268,0
1311,0
4080,0
8319,0
10944,1
9144,1
14483,1
27144,0
18795,1
14216,0
4413,0
14568,0
14919,1
15291,1
12374,0
8840,0
7545,1
6714,1
22934,0
4322,1
19077,1
16073,0
14747,1
10104,0
23631,1
23106,0
601,0
25283,0
6438,0
21110,1
11570,0
12085,1
409,0
20077,0
10710,1
7785,0
23351,1
21258,0
12795,1
8908,0
3507,1
19185,0
4202,1
26751,0
2213,0
24268,0
8094,0
6551,1
6646,1
16387,1
3707,0
18902,1
27782,1
21137,0
3616,1
9418,1
23855,1
20344,1
8956,0
13423,1
380,1
13501,0
4036,1
20457,0
14134,0
24011,1
1822,0
17758,1
11462,0
13792,0
24172,0
9889,1
19639,1
2152,0
20787,1
23922,1
330,0
607,0
4845,1
9976,0
17125,1
12859,0
7569,0
5456,0
4785,1
6865,0
5883,0
10349,1
9614,1
11433,1
19864,0
16045,0
23979,1
7484,0
27735,0
24869,1
8925,0
9791,0
5665,1
6842,1
20476,0
4525,0
24180,0
27815,0
12406,0
3776,1
10007,1
24257,0
20874,1
15637,0
24988,1
19779,0
8365,0
10961,0
4745,1
13053,0
9278,0
20311,1
26778,0
14477,0
16214,0
27450,0
3421,0
8288,1
11697,0
11091,0
3594,1
231,1
12157,0
19562,0
23963,0
14003,0
7932,1
24102,1
8241,1
3735,1
23024,1
11337,0
6625,0
10496,0
24809,0
75,1
12209,1
9633,0
4706,0
1108,1
2209,1
23059,0
5982,0
10130,0
715,0
748,1
9287,0
5219,1
9607,1
7786,0
8673,0
18116,0
2227,0
12074,0
16417,0
7536,1
2359,1
1599,1
25667,1
7228,0
476,1
10333,0
13375,1
7542,0
8213,1
10735,1
259,1
25948,0
15320,1
16348,0
5576,0
17767,1
4048,1
10354,0
25286,1
3286,1
10105,1
2764,0
20830,0
21096,0
7668,1
24263,0
3482,0
27592,0
17105,0
2701,1
2585,0
5107,1
1147,1
346,0
22860,0
24379,0
15428,0
14353,1
10429,0
14499,0
19270,0
8447,0
16289,1
27393,0
19537,1
9621,0
11921,1
19397,0
1387,1
7916,0
27008,1
4252,0
963,1
17293,0
2619,1
14766,1
16362,0
19375,0
16007,0
7784,0
17428,1
19654,0
7725,0
22020,0
23890,0
19876,1
4296,1
4877,0
15550,1
2617,1
22609,1
9147,0
14064,1
10256,1
25571,1
2222,0
14061,0
14937,0
2762,1
14981,0
20966,0
2740,1
4254,1
1346,1
26251,0
21626,1
8416,0
11316,1
19606,0
22274,1
2117,0
3843,1
17716,1
18012,1
3757,1
14833,0
3172,0
8282,0
23053,1
25534,0
3410,1
14441,0
12505,0
18857,1
12804,0
6802,0
11608,0
4220,0
24518,0
2864,0
12922,1
19706,1
18069,0
15644,0
23581,1
9192,1
25036,1
9758,1
27031,0
19219,0
19336,0
2350,0
12620,1
15119,0
12372,1
27455,0
8192,0
2842,1
20992,0
1118,0
2973,1
20264,0
18823,0
21359,1
5853,0
7901,1
2386,1
6689,0
7822,1
3002,0
12860,1
9960,1
13872,0
734,1
20041,0
144,0
25709,0
19114,0
25999,0
21530,0
18928,1
2564,1
11764,0
14801,1
17636,0
13133,1
26279,0
2715,1
23632,0
10272,1
4679,0
18246,1
15182,0
11266,1
7317,0
25684,1
15895,1
24271,1
21235,1
11204,0
11208,1
15085,0
14362,1
2229,0
16171,0
10319,1
8910,0
23956,0
4181,0
7691,0
22940,0
9440,1
23552,0
4913,0
19755,0
1580,0
24642,1
1911,1
91,1
1510,0
15776,0
8028,1
25179,1
13424,1
3498,1
4085,0
11132,1
17093,0
9676,0
321,1
10986,1
4343,1
644,1
8726,1
27399,1
21703,1
12699,0
24341,1
12375,0
18717,0
194,1
15211,0
2830,1
3579,0
17123,1
22474,1
10012,1
21696,1
430,1
19764,0
22310,1
6434,1
756,0
7277,0
4788,0
15059,1
25649,1
20336,1
4273,1
16563,0
26725,1
11765,0
3031,0
13717,0
2874,0
13315,1
3193,1
27555,0
1747,0
3608,1
22552,0
17008,0
1052,0
24590,1
9132,0
11488,0
12759,0
6620,0
21647,1
25005,0
26502,1
16337,0
11544,0
12146,1
6552,1
17688,0
15923,1
8650,1
10372,1
4814,1
13850,0
8057,1
3100,0
18585,0
8939,0
5597,1
16680,0
10445,0
20956,1
6803,0
19726,0
22053,0
12139,1
21322,1
27419,0
13508,0
25565,0
4336,0
18801,0
3000,1
1808,0
6029,1
718,1
8225,0
21779,0
15214,1
21945,0
5485,0
6934,0
23529,0
19195,1
5863,1
24635,1
5135,0
27740,0
21397,0
4749,1
2937,1
9044,0
4246,0
5252,0
20604,0
14970,1
3318,1
27603,0
1434,0
2566,0
6770,1
23915,0
2683,0
14604,0
26207,1
13249,0
11710,0
11031,0
11255,0
21332,0
21037,0
24106,1
8980,1
14951,0
3601,0
3986,1
5394,0
18112,1
14829,1
7070,1
3263,0
24748,0
5034,1
14236,0
26025,0
25088,0
20082,0
2885,1
11224,0
6528,1
19534,1
25081,0
26747,0
5979,0
17628,0
26823,1
27658,1
25379,0
11444,1
20887,0
19575,0
6145,1
27112,1
9246,1
9128,1
15535,0
12068,0
15756,0
23926,0
12749,1
7808,0
13524,0
7767,1
24619,1
20630,0
21256,0
16327,0
19165,0
18130,0
13924,0
19634,1
6350,1
22065,1
11257,1
10963,0
1035,0
19566,0
7842,1
21907,0
4982,0
24870,1
14620,0
17,0
11251,1
9442,0
8281,1
16858,0
11807,0
26550,0
19569,0
21457,0
22952,1
24614,0
18217,1
2435,0
2592,1
742,0
2308,0
18543,1
2009,0
24432,0
20846,0
16550,0
16856,1
7554,0
1493,0
2008,0
21262,1
7738,0
23804,0
3014,0
26111,0
24700,0
17436,0
26971,1
12642,0
20560,0
6362,0
13038,1
22980,0
27055,0
10989,0
11854,0
26748,0
13573,0
23382,0
25572,1
16598,1
25639,1
4093,0
6435,0
26372,0
2034,0
16747,1
480,0
24419,1
19052,1
1303,0
9742,1
18009,0
7359,0
26076,0
5427,0
22670,1
9926,0
2734,1
18758,1
21691,0
8231,1
23495,0
8879,0
18005,0
20295,0
14459,0
16705,1
16067,1
6352,1
13766,0
2195,1
5048,0
9489,0
16786,0
3265,0
27618,1
26375,0
1290,0
26114,1
5627,0
23799,0
24221,0
8937,1
19104,0
13962,0
8256,0
17037,1
13822,0
21041,1
26283,1
17920,0
17934,1
25970,1
5799,0
4416,0
21504,0
12691,1
22337,0
396,0
10475,1
15336,1
12507,1
9872,0
20416,1
23437,1
23160,0
24232,0
9672,0
17861,1
12381,0
2848,1
19137,0
13394,0
23845,0
24447,0
24859,1
18011,0
10465,0
19221,1
1595,0
12953,0
23844,1
11756,1
6826,1
10708,0
2516,0
21269,0
15844,0
13909,0
9527,0
26612,0
26759,1
7449,0
7719,1
12811,0
5528,1
10572,1
27016,0
25778,0
13170,0
10280,0
8450,0
22856,0
26822,1
13576,0
21722,1
15130,0
6892,0
2676,0
20265,0
19695,0
10424,1
25168,1
19829,1
26637,0
14507,0
11742,1
25753,1
2856,0
5685,0
8403,0
10803,1
12753,0
11955,0
3548,0
27324,0
2232,1
12116,1
12117,0
23380,0
3001,0
2929,0
5098,0
13282,0
23981,0
15431,1
18893,1
22715,0
20444,1
2784,1
5379,0
6965,1
8870,1
15301,0
17035,1
5816,0
26379,1
4903,0
2867,1
23936,0
14147,1
15846,1
26123,0
11838,0
14344,0
27089,0
1411,0
15404,1
17581,0
5211,1
20836,0
8505,0
4371,0
20795,0
16359,0
24684,0
4303,0
19090,0
21686,0
10341,1
3399,0
21995,1
6902,1
1738,0
9433,1
25109,0
14314,1
11909,1
23418,0
21648,1
12858,1
25105,0
21296,0
1765,0
27551,1
17626,0
12568,0
23183,1
3503,1
21355,0
21412,1
17056,0
23076,0
26924,0
21222,0
23229,1
3181,0
25717,0
26383,1
6483,0
10870,0
10810,0
4480,1
20518,0
3673,0
6248,0
19622,0
20509,0
21928,1
13726,1
15427,1
16102,0
3541,0
26310,0
10408,0
1743,0
23515,0
447,1
4844,0
12011,0
10191,1
5507,0
24617,0
1675,0
119,0
27787,0
5601,0
23997,0
12276,0
4688,1
21811,0
25014,0
22384,1
11899,0
17425,0
23339,1
27391,0
4972,1
8769,0
7682,1
9362,0
19241,0
22218,0
23181,1
14910,1
3142,1
12358,0
1121,1
27498,0
5598,1
520,0
385,0
1741,0
24825,0
18750,0
5418,0
20731,0
20000,0
14601,0
15203,1
16107,1
8965,1
5742,0
2449,0
22333,1
17415,1
6688,0
27590,0
438,0
3508,1
4084,1
19807,0
168,0
16030,0
20369,0
482,1
23427,0
21893,0
16137,0
24303,1
3609,1
18328,1
25496,1
21129,1
13678,0
24309,0
4641,1
9209,0
17828,1
681,1
10898,0
9710,1
2463,0
3425,0
3578,0
7600,0
2518,0
6933,1
11711,0
10296,1
7132,0
2135,1
14384,0
1106,0
11505,1
14722,0
5460,0
7729,0
5843,1
25147,1
11775,1
1339,1
1731,1
11451,0
15268,0
13206,0
15925,0
14611,0
459,1
5676,1
20438,0
12767,1
21231,0
18847,1
25997,1
7033,0
23100,0
10017,1
1396,0
23817,1
23744,1
9248,1
19734,0
26353,1
23254,0
9242,1
27570,1
3035,0
6918,0
26224,0
1201,0
16219,1
188,0
11358,0
10941,0
20043,1
3697,0
9405,1
26655,0
18927,1
2662,0
27511,1
23457,1
1978,1
14381,1
16008,0
17467,1
14522,0
9653,0
19125,0
14329,0
15501,1
8203,0
25982,0
25758,1
26352,1
15452,0
21343,0
4484,0
1940,1
221,1
2528,0
2420,0
23226,1
13252,1
12526,1
14959,0
26229,1
26636,1
9162,0
9253,0
24738,0
20861,1
16570,1
17735,1
9279,1
4463,1
1075,1
25610,0
5971,0
10696,1
21641,0
14008,0
1397,0
14044,1
3298,1
19718,0
16434,1
7405,1
20818,0
25902,1
12010,0
18897,0
12531,1
6309,0
9898,0
20440,1
13205,1
6202,1
20428,0
27099,0
3378,1
12933,1
2020,0
27289,1
16833,0
17390,0
13847,0
3789,1
22681,0
24651,1
4850,0
15727,1
5472,1
25517,0
22221,1
14454,1
15009,0
4890,0
7420,0
20513,0
16155,0
27201,0
6607,0
20399,0
24978,0
8889,0
26252,0
15677,1
21666,0
22858,0
5018,1
17117,1
5304,0
18567,1
9252,0
7552,1
20373,1
7136,0
27510,0
16756,1
20641,1
16560,0
20909,0
17433,1
11959,0
14076,0
5183,0
26045,1
10798,0
10948,0
10239,0
14366,0
21015,0
2404,1
10231,1
21567,1
26481,0
6354,1
13198,1
22699,1
127,0
8069,0
6404,1
25932,0
23910,1
20628,0
24717,1
4003,0
23055,1
25194,1
10366,0
12054,1
6204,0
26875,0
14331,1
5508,0
10127,0
10263,1
12189,0
18187,0
25118,0
24729,1
964,1
12562,1
8873,0
15969,1
19131,1
6777,1
4404,0
17192,0
13271,1
23935,0
5047,1
22262,1
19039,1
27155,1
7447,1
12051,0
11230,1
23720,1
10520,0
2173,0
5377,1
21017,1
17588,1
2635,0
11770,0
503,0
5403,0
12649,1
21701,0
21750,0
6165,0
5306,0
12814,0
6712,1
10370,1
25850,0
25952,0
22465,0
26594,0
10428,1
11010,0
23813,1
928,1
7799,0
15601,1
22079,0
103,0
17681,1
17431,1
16507,1
13631,0
23507,0
4884,0
17708,0
26374,1
16697,0
828,0
8443,1
3979,1
22583,1
24524,0
11187,0
2947,0
26476,0
14190,1
27604,1
5407,0
4952,1
20831,0
23287,0
2434,1
22838,0
5053,1
17997,1
27823,1
20851,0
12492,1
19220,1
13291,0
10114,1
8882,1
2041,1
24195,1
19254,1
17977,0
23459,1
7306,1
2043,0
21864,1
3366,1
26188,0
18214,0
4293,1
11253,1
22898,0
11262,0
16853,0
16525,0
7653,0
15393,0
22252,0
15719,1
10697,0
26694,0
13978,0
21117,0
23671,0
25936,0
5114,0
23544,1
21107,0
8344,0
11275,1
3058,0
10392,1
20388,1
9134,1
7613,1
2444,0
13551,1
1063,0
10092,1
21329,0
12514,1
26183,1
15018,1
6392,1
27091,0
24213,1
16941,0
4387,0
23493,1
2061,0
27745,1
16636,0
26128,0
14237,0
6244,1
8778,0
16741,0
18264,0
1078,1
8725,0
17835,1
7884,0
14020,0
7712,0
23354,1
26326,1
2225,0
1282,1
18538,1
4047,0
21280,0
17836,1
10454,1
27095,1
14682,0
21794,0
24931,1
8156,0
6442,0
9958,1
12187,1
18326,1
13236,0
5215,0
11096,0
15602,0
17639,0
8034,1
25252,0
14569,0
11846,0
14651,1
7217,1
14972,0
6885,1
23684,1
13616,0
15999,1
478,1
11776,0
4341,1
5824,0
24010,0
16272,1
3461,0
4419,1
26134,0
11869,1
4479,0
1092,1
7112,1
4320,0
6576,0
15873,1
20494,0
5148,1
9000,0
21598,1
19516,1
4984,0
7955,1
5038,1
6700,0
647,1
970,0
8779,0
14990,1
14338,1
3470,0
18577,1
15843,0
4832,1
19916,1
23511,0
12815,0
27656,1
19949,1
27297,0
21658,1
1009,0
23879,1
14861,1
14697,0
210,0
3329,0
12024,0
4015,1
14155,0
12093,0
15894,1
23708,1
15127,0
22178,1
16361,0
19319,0
3226,0
15554,0
326,0
17762,1
9315,1
8952,0
27542,1
13741,0
6134,0
25716,0
21238,0
21505,1
664,0
18183,1
11660,0
5533,1
2194,0
649,1
3923,0
25829,0
217,0
18756,0
6757,1
6550,0
16533,1
19007,0
9116,0
26781,1
16628,0
13002,0
7821,0
22004,1
9571,1
24482,1
8184,0
22557,0
18930,1
13781,1
15105,0
13218,1
15687,0
2748,0
7603,0
19433,1
9482,1
7539,1
11900,0
3942,0
24972,1
15648,1
11731,0
24108,0
12461,0
8703,0
15244,0
12437,0
134,0
4448,0
15394,1
13826,0
3351,0
12550,0
3200,0
16588,1
16867,1
15634,0
25637,0
25444,0
6417,0
18215,1
19514,1
25430,0
20081,0
16660,0
316,0
146,0
14712,1
13126,0
12792,1
4455,0
14222,1
10430,1
4738,0
17016,1
20235,0
14612,0
7946,1
819,1
8846,0
3486,1
9093,0
24177,0
14509,0
22268,0
19455,0
3111,1
20565,0
6187,0
24229,1
16572,1
2495,0
6366,0
21010,1
26508,0
2505,1
27622,1
21895,1
21756,0
9816,1
13940,0
5954,1
14337,1
23533,0
20052,1
16937,0
6836,0
11567,0
20916,0
1011,0
13797,0
14853,0
24520,0
26974,0
1034,1
15685,0
2270,1
696,1
22000,0
3704,1
10352,0
26604,1
25254,0
8482,1
23475,1
2790,1
17720,0
25884,1
19983,0
25467,0
15730,0
22321,0
5711,0
15971,0
14615,0
21765,1
22850,0
13604,0
1888,1
4793,0
6720,0
26125,0
25375,0
14946,1
24389,0
1413,1
21466,1
11961,0
18457,1
6726,1
3623,0
4602,0
7326,0
20881,0
19648,0
180,0
23488,1
15817,0
469,0
20199,1
2166,1
1027,0
25641,0
6676,0
1423,1
25411,0
17388,0
27657,0
11044,0
7502,0
14395,0
13981,1
27662,0
20964,0
11309,1
1192,1
20339,0
25688,0
4157,0
2559,0
25230,0
12160,1
8398,0
3734,0
21098,1
21224,0
22719,1
3860,0
24890,0
25186,0
14129,1
2604,0
8842,1
19376,1
1297,0
23090,1
20850,0
635,1
6300,1
5754,0
8246,0
5382,0
22791,0
11192,0
20897,1
24476,0
17496,1
10477,1
26820,1
25638,1
4461,1
26448,1
10597,0
4059,0
5550,0
11212,1
21760,1
15660,1
27047,1
11194,1
8316,1
6319,0
29,1
4955,1
22017,1
13815,1
23847,0
21268,1
3362,0
11369,1
11008,0
3668,0
7900,0
27638,0
1869,0
19427,1
960,1
984,1
8354,0
25624,0
22584,0
12393,1
22942,0
4546,0
24331,0
25278,0
27633,0
21478,0
14943,1
21092,1
7627,0
11327,0
2981,0
15249,1
16072,0
16415,0
1259,0
23880,1
14433,1
5391,1
26299,0
26100,0
10413,0
9022,0
4057,0
25784,0
4744,0
14897,1
16647,0
8900,0
25703,1
15027,1
6896,0
15949,1
21080,0
10919,1
23018,0
1429,1
8676,0
15423,0
21021,0
3502,1
16768,1
1563,0
19832,1
13459,0
18480,1
14118,1
12660,0
23359,0
23777,0
1611,0
13967,1
13581,0
8454,0
22593,0
15530,1
27677,0
6418,0
10791,0
14666,0
1514,1
21378,0
21640,0
24962,1
139,0
27445,0
10824,0
21292,1
18580,0
12299,1
2254,0
8500,0
7753,0
25099,0
19509,1
4871,0
24781,0
12679,1
18002,0
3418,1
18270,1
16451,0
6595,0
14186,1
11282,0
3686,1
25365,0
8880,0
19044,1
2290,0
16264,1
5910,0
10556,1
9801,0
25432,0
5081,1
4153,0
16164,0
208,1
27520,0
6316,0
22096,1
2605,0
22718,1
2587,1
18128,0
16132,0
13985,1
24087,0
19191,1
20898,1
22956,0
21102,0
2870,0
19725,0
21091,0
25860,1
26980,0
19586,0
2905,0
8180,0
2702,1
6879,1
8687,1
13066,1
2351,1
10019,0
26568,1
11617,1
1751,1
2299,0
5453,1
8460,0
5953,1
10351,0
25417,0
15176,0
22844,0
1640,0
11605,0
2492,1
5511,0
26933,1
24744,0
19815,0
5393,0
16178,0
19490,1
12136,0
8886,0
16253,1
17526,0
5871,1
10480,0
6522,1
15482,1
21047,1
3110,0
16470,1
22012,0
20622,0
25940,1
23118,1
16411,0
4900,1
9124,1
27792,0
2210,0
12227,1
16143,1
19486,0
27110,0
24205,1
6830,0
27837,1
14907,1
22653,1
17922,0
16191,0
13727,0
23703,1
20511,0
17476,0
15956,0
27093,1
8891,1
10144,1
26350,1
15936,0
1474,0
14647,0
11627,0
8941,0
1713,1
6271,1
3995,0
15204,0
7172,1
20569,1
708,0
24585,0
23994,1
19746,0
6534,1
14954,0
11215,0
10018,0
10495,0
25584,0
24680,1
20194,0
2554,0
10242,0
17441,1
9072,1
11670,0
20485,1
27777,0
17020,0
23794,0
23248,1
15252,1
2865,0
21850,1
26488,1
3836,0
21718,0
6759,0
14664,0
24225,1
683,0
8021,0
16472,0
17291,0
8994,0
7924,0
13475,0
18729,0
26296,1
9530,1
25977,1
21752,1
19058,1
9027,1
5343,0
24573,0
17110,0
25436,1
22553,1
15144,1
12049,0
18849,1
24885,1
27653,1
5225,1
20803,1
24525,0
1383,1
17822,1
2441,0
20492,0
18864,1
8132,1
13536,1
21665,0
20552,1
22398,1
24383,1
18715,0
24456,1
17023,1
431,1
9504,1
6127,0
2751,1
21947,0
23612,0
15484,0
12310,1
1866,0
18398,0
22477,0
18481,0
451,1
10063,0
1606,0
24881,1
12428,1
21437,1
6602,0
8602,1
16161,0
11967,1
14573,1
12513,1
22735,1
8971,0
18737,1
14579,0
20110,0
15794,0
16420,0
10226,0
20632,1
5478,1
2081,0
14443,1
10185,1
15555,1
14013,1
4817,1
26090,1
9509,1
7671,0
20648,0
24866,0
27284,0
9807,0
5731,0
26554,0
23704,0
10276,0
9636,1
19016,0
4867,0
26999,1
22747,1
5847,0
22230,1
3509,0
5708,0
21157,1
20365,1
15907,1
23054,1
3,0
25869,0
1632,0
8013,1
6070,0
18356,0
15388,1
23144,1
19466,0
3393,0
466,0
24117,1
23176,1
18751,1
7223,0
21160,1
4338,1
8979,0
9140,1
22171,0
27438,1
16031,0
23731,1
13307,0
20606,1
21345,1
11913,0
13729,0
13761,1
20187,0
22769,1
22187,1
25161,0
22275,0
25328,0
19050,1
26656,0
14018,1
844,0
13566,1
21309,1
14399,0
23830,1
5727,0
3397,0
11558,0
1398,0
27003,1
22957,0
26287,1
27817,1
8540,1
16650,0
9048,0
25946,1
795,0
6890,0
25198,1
26977,1
27369,0
8628,0
17666,0
7628,1
10877,1
15134,1
11621,0
19391,0
13694,1
27317,0
14241,0
24517,1
10325,1
9575,1
25672,1
16104,0
27328,0
8544,1
7388,0
7800,1
25622,0
26013,1
23848,0
11866,1
17597,0
18648,1
4610,0
25024,1
6887,0
18552,0
9570,0
10721,0
4191,0
23474,0
19875,0
27849,0
16479,1
12538,0
3784,1
6480,0
17255,1
27514,0
9276,0
8634,0
10347,0
24335,1
24720,0
6983,1
2909,0
8147,0
17574,0
3416,1
20165,0
26691,0
5814,1
12101,0
24556,1
25453,0
21086,1
11480,1
22026,0
1788,1
25618,0
14982,0
1350,0
12650,1
10175,0
17971,1
16108,0
22085,1
5657,0
2361,1
1402,0
20736,0
16642,0
15767,0
23757,1
12491,1
11762,1
20713,0
12099,0
15215,1
7573,0
12143,0
8105,0
19913,0
19865,0
22457,1
19868,1
15868,0
17126,0
22127,0
10747,0
14748,1
1809,1
17946,1
14875,0
5043,1
18746,1
2442,1
26480,0
26811,0
23904,0
6384,0
655,0
15486,1
25697,1
25466,0
322,1
25847,0
18727,1
5102,0
12151,1
15267,1
6538,1
9932,1
13101,1
369,0
15692,0
23423,1
21922,1
7827,1
26295,0
17309,0
1131,1
2265,0
373,1
4528,1
26408,1
25859,1
9163,0
14192,1
10311,1
19321,0
11388,0
2075,0
23004,0
18250,1
2916,1
5218,1
1418,1
24850,1
16261,1
15350,0
27001,0
23304,0
27177,1
6224,1
19141,0
26363,1
23352,0
20725,0
10398,1
7793,0
12785,1
5284,0
22899,0
19791,1
8932,1
1554,0
17179,0
23860,0
8513,1
11990,0
88,1
14078,1
13415,0
18528,1
19098,1
3070,1
26151,1
12111,0
12163,0
19781,1
24204,0
17171,1
9071,0
776,1
25381,1
21576,1
939,1
26878,1
26274,0
15274,1
23946,0
15583,0
9480,0
4397,0
9149,0
30,0
23015,1
23707,0
14711,1
5365,1
5908,0
2174,0
6557,1
2984,0
2207,1
547,0
16841,0
16775,0
945,0
24954,0
11636,1
10353,0
15543,0
6914,0
27683,0
3352,1
26644,0
1680,1
23973,1
1557,1
16582,1
25079,0
26042,1
2698,1
4199,1
5875,0
23941,1
16236,1
12296,0
3732,0
11409,0
1719,0
26921,1
20404,1
21144,0
27504,1
24955,1
3113,1
13950,0
6503,0
6241,0
16926,1
13111,0
13925,1
11502,0
7403,1
26158,1
13246,0
14583,1
24542,1
6788,0
13533,0
3296,0
14876,0
26932,1
26418,1
17286,0
21230,0
563,0
11997,0
22155,1
26887,0
15050,0
1873,0
8145,0
12382,0
26077,1
9136,0
17077,0
19749,0
14323,1
12324,1
27216,0
16153,0
349,1
1687,0
7571,0
15671,0
688,0
19917,0
11603,0
14560,0
12923,0
24774,0
20189,0
19521,0
17834,0
13754,1
23235,0
2766,0
15537,1
2026,0
16778,0
1527,0
7117,1
11740,0
2703,0
21848,0
25133,0
5915,0
12528,0
6328,1
27183,0
15306,1
10727,1
14968,0
25885,1
11121,0
10902,0
21706,1
14144,0
22829,1
4424,0
24498,1
22278,1
23336,1
9905,0
19055,0
13627,0
13632,1
4189,1
20289,1
7780,0
3739,0
24445,0
8197,1
18373,0
24967,0
22084,0
9577,1
24415,0
9568,0
16815,0
9668,1
7131,1
10166,0
2710,0
23293,0
22247,0
2684,0
1393,1
18979,0
2226,1
2534,0
9353,1
12704,1
27692,0
23199,1
6332,1
14268,1
907,0
7606,1
16801,1
6020,1
24728,0
3617,1
7944,0
10322,1
7204,1
13235,1
17329,0
20676,1
22937,1
6388,0
13776,1
2727,1
12148,0
10802,1
18853,1
4564,0
17172,0
21913,1
23999,0
2412,1
23405,0
20412,1
15516,0
3274,1
6925,0
2425,0
26177,0
27088,0
15181,0
13633,1
7721,1
15571,0
27281,0
9406,1
9826,0
17435,0
27160,1
2873,0
26871,1
19448,0
3315,0
18886,0
606,1
13657,1
13438,0
19664,1
24615,0
10823,0
856,0
1926,0
13430,0
25042,1
17318,0
23433,1
8200,1
10949,0
14627,0
26850,1
44,1
2812,0
24169,0
11823,0
27698,0
22377,1
9682,0
24091,1
18034,0
14884,0
11453,1
10953,1
585,0
4978,1
6011,0
27507,1
11715,0
8240,0
8113,0
200,0
4563,1
27553,1
2051,1
8862,0
5187,0
11443,0
21955,1
4825,1
3533,0
26407,1
18451,0
2264,1
1232,0
14983,1
18288,1
15094,0
13538,0
16255,1
3926,1
2536,1
26048,1
13661,1
16551,0
16723,1
10645,0
21891,0
22835,1
22123,1
13734,0
9169,1
5226,0
17354,0
1065,1
21338,1
18111,0
20401,0
12667,0
23827,0
22179,0
25451,0
833,0
9112,0
19523,1
5050,0
13714,0
18785,0
15825,1
26616,1
15041,1
3073,0
6287,0
26162,0
12483,0
11487,0
15541,0
5001,0
16062,1
18464,0
4724,0
27536,0
7278,1
69,0
16481,1
1739,1
5729,0
27663,1
7850,1
13052,1
9989,0
227,0
18332,0
22300,0
10389,1
1864,1
12107,0
21337,0
5191,0
10186,0
1812,0
383,0
12432,0
729,0
313,1
6916,0
9880,1
7763,1
9299,1
20453,0
3059,1
15461,0
7469,0
18894,0
4044,0
21140,1
11180,0
16046,0
7085,1
24245,0
5561,0
19461,0
2897,1
12957,1
10324,1
725,0
4618,0
15418,1
11449,1
20505,0
7100,0
5763,0
21513,1
10760,1
15547,1
14183,1
10821,0
25976,1
14840,0
23568,1
21308,1
15975,0
8193,1
8721,1
8815,1
8665,0
23166,1
5474,1
11304,0
14672,1
17187,0
5771,0
21525,0
18137,1
7109,0
2815,1
16942,0
26493,1
2782,0
15664,1
22542,0
2512,1
23244,0
18154,1
16040,0
18420,1
7834,0
16239,1
54,0
16813,0
24848,1
3463,0
13010,0
8318,0
2847,1
20155,1
8345,1
4032,0
12273,0
25875,0
19197,1
5070,0
22887,1
2859,1
19798,1
21578,0
898,1
10421,0
1722,0
13787,0
7650,0
12124,1
21239,0
25134,1
3737,0
5844,1
16948,0
22226,0
5449,1
22129,0
19489,1
21738,0
22749,1
23239,0
13586,0
24750,1
19615,1
20629,0
7417,0
12571,0
25029,0
23464,0
8439,0
13049,0
17554,1
18754,0
10470,0
26633,1
7579,1
12594,1
18828,1
24530,0
13677,1
2095,1
23491,0
18089,0
6950,1
21147,0
2245,0
3938,1
1153,0
24790,1
1084,0
9070,0
11450,0
13263,0
17481,0
17804,0
6091,1
4489,0
8768,0
7091,1
11701,1
5076,1
6698,0
24004,0
24957,0
4305,0
13514,0
1880,1
17339,0
13468,1
23375,0
3921,1
2998,0
2707,1
10128,1
12493,1
25454,0
19854,1
4966,1
17510,1
4547,1
13028,1
6186,1
27217,1
10856,0
3302,1
24785,1
27348,0
18391,0
3974,0
22825,0
1328,1
10607,1
20999,1
1318,1
1775,0
8136,0
12917,1
12724,1
24705,0
19491,1
11057,1
3877,1
10687,0
2001,0
15459,0
311,0
23345,0
57,1
1631,1
26261,1
20442,1
13701,0
1534,0
17059,0
10483,1
22036,0
13736,1
26496,1
1280,1
13735,0
25630,0
7007,1
5165,1
20268,0
19842,0
18957,1
6880,0
19329,0
4286,1
884,1
16974,0
25714,0
22135,1
26371,0
4418,0
25803,0
4226,0
1862,0
4836,0
9606,1
19318,0
12547,0
7198,1
2838,0
735,0
23470,0
25718,1
9767,1
26938,0
14465,1
8828,1
7828,1
16808,0
17409,0
26836,1
5013,0
26569,0
2645,0
13709,0
8229,0
5553,0
3248,0
7768,1
2736,0
4388,0
20477,0
13855,0
8151,1
19919,0
9363,1
1188,0
16424,1
10980,0
16258,0
24782,0
11790,0
15405,1
19399,1
23503,1
26984,0
4847,0
3930,1
11727,0
26599,0
18851,1
15221,0
11896,0
20495,0
20379,0
10459,1
14014,1
12028,0
11719,1
5493,1
20571,1
6824,0
19084,1
19260,1
15468,0
22257,0
27723,0
11963,0
7647,0
10809,0
15961,0
1356,1
16834,0
19801,1
4973,0
2252,0
22444,1
2789,1
3953,0
7516,0
2085,0
7071,0
6032,0
17989,1
9119,0
22917,1
21106,0
26803,0
18865,1
10881,1
10001,1
19735,0
5826,0
18695,0
14261,0
18429,1
5564,1
10039,0
2704,0
24588,0
25364,0
3433,1
15280,1
18393,0
16334,0
7337,0
16777,1
25413,1
408,0
25372,1
21053,1
11177,0
11070,1
26844,1
6912,1
23267,1
15135,0
23,0
7733,1
13008,0
15283,0
18721,0
25854,0
13190,1
8047,0
24384,1
25210,1
10300,0
4099,1
27423,1
18162,1
19628,1
8663,0
9897,1
11011,1
1276,1
20069,0
9999,0
27173,1
7095,0
11474,0
5019,0
12407,1
14660,0
13060,0
18208,0
11071,0
11491,1
15055,0
20061,0
7724,1
5549,0
3794,0
7047,1
2332,1
1261,0
26917,1
7585,1
8214,0
27864,0
10947,0
9138,1
11387,1
668,0
16635,0
26643,1
27150,0
23104,0
8370,1
8278,1
812,0
8457,0
13571,0
24145,1
27693,1
2101,0
24304,1
9003,1
3211,0
24675,1
7339,0
26324,0
12980,0
6978,1
1247,1
20272,1
15931,1
17001,1
3387,1
4069,0
14351,1
12017,1
26043,0
14304,1
15410,1
14471,1
457,1
5202,0
8317,1
3532,1
16952,0
27022,1
22170,0
14705,1
2334,0
24758,0
24399,0
8570,1
26907,1
9779,1
14204,0
26815,0
6108,0
6419,0
23683,1
19498,0
26485,0
11099,0
26686,0
18699,0
1012,0
16144,0
24813,1
13874,0
12110,0
14049,0
20701,1
3620,1
18441,1
18993,0
20359,0
15409,0
18575,0
7568,1
12626,0
19314,1
26901,1
6909,0
13381,0
17613,1
1944,1
7330,1
7251,0
2002,1
18153,0
21663,1
5998,0
21210,1
17499,1
416,0
651,0
14370,0
8960,1
14012,1
23089,1
7811,1
15963,0
11832,0
7609,1
18569,0
701,1
9574,1
21215,0
7293,1
12596,1
23685,0
11037,0
23557,0
24029,0
24349,1
8337,1
11522,0
16188,0
19232,1
22642,0
12904,1
19943,0
20204,0
12710,0
8742,1
24316,0
25416,0
17798,0
21747,1
8119,1
2374,1
18846,1
16957,1
26172,1
26017,1
19713,0
11125,1
15318,0
16793,1
4245,0
3910,1
3705,0
1224,0
14035,1
11994,1
638,1
4704,0
19714,0
12341,0
21383,0
11004,0
2687,0
20014,1
14421,1
5130,1
19476,1
12655,0
21782,0
4821,1
24129,0
12969,0
3984,1
4265,1
15953,1
3381,0
23436,1
14718,0
22923,0
3634,0
11751,1
6741,0
3522,1
20087,1
19113,0
21755,1
6699,1
26206,1
2616,0
16534,1
3287,0
2638,1
24966,1
16671,1
2323,1
18869,0
4692,0
24591,0
17995,0
11818,0
18212,1
1891,0
12865,0
21264,1
14233,1
3422,1
16763,0
19819,1
2879,1
24902,1
12065,0
21118,1
20430,1
3277,1
18245,1
25121,0
10543,0
26893,1
5421,0
22538,0
8729,1
10275,0
15311,0
14703,1
17779,1
616,1
24812,0
8139,0
4504,0
10192,1
17439,1
13607,0
11598,1
20381,0
9987,0
23039,0
1231,1
531,0
17511,0
8023,0
14299,1
11845,1
16897,0
19172,1
12687,1
2862,0
15786,1
15278,0
6814,1
5802,0
12308,1
8647,1
26425,1
24308,0
10671,0
14428,0
21712,0
175,1
17950,0
20890,0
7748,0
2930,0
15513,1
13630,0
25516,1
13845,0
20036,0
25811,1
15744,0
2519,0
3147,0
11592,1
25188,1
13486,0
16400,1
10993,0
13642,0
6275,1
1574,0
1349,0
18462,1
15607,1
24695,0
5071,0
3223,1
14303,0
265,0
13416,0
9811,0
20355,0
14886,1
13480,0
12825,0
26064,0
17225,0
27857,1
23812,1
5512,0
12030,1
13883,1
9994,0
23587,0
13188,0
15676,0
25434,0
2127,0
12692,1
12315,0
83,1
25979,1
21428,0
19373,0
3244,1
4957,0
11778,1
27824,0
21475,1
20912,0
6628,0
16601,0
21973,0
5357,0
17777,1
22866,1
13061,0
1830,0
22382,0
18786,0
12431,1
3019,0
19699,1
6526,1
1233,0
9739,0
10125,1
8211,0
22305,0
20899,0
424,1
27139,1
20631,0
7318,1
24571,1
7792,1
15341,1
25495,1
809,0
24121,0
20149,1
3341,0
18614,0
13132,1
16750,1
3125,0
27850,1
23584,0
11198,0
19940,0
9770,0
14173,0
24742,0
714,0
3219,0
12086,0
10812,1
7582,0
17418,1
1929,0
18595,0
26968,0
10864,0
3588,1
6024,0
12376,1
6216,0
2608,1
22113,1
20032,1
19524,1
22137,1
3128,0
7703,1
7908,0
6612,1
19669,1
6258,0
25611,0
9831,0
1847,0
15294,1
2188,0
13712,1
16894,1
1298,0
9561,0
18486,1
2781,0
22214,0
20873,1
22990,1
8692,0
23163,0
7346,0
26883,1
13902,1
16050,0
8731,1
24839,1
15030,0
27410,1
18769,0
26249,0
23463,1
17220,0
5163,1
13020,1
16515,0
14004,0
21299,0
14050,1
7882,0
7304,0
1443,1
14084,0
20989,0
5865,0
10977,0
19910,0
5928,0
1833,1
20254,0
27540,0
18426,1
9099,0
12326,0
19771,0
22209,0
1472,1
18688,0
3233,0
23138,0
1026,1
3559,1
23633,1
1174,1
21409,0
14634,1
27427,0
16381,0
16224,0
9014,0
9020,1
18963,0
19027,1
7113,0
10004,1
19574,1
1197,1
13349,1
20993,1
4577,0
15442,0
13474,0
6484,1
7553,0
8821,0
554,1
25661,0
22040,0
15132,0
21356,1
19395,0
22968,0
22290,0
1206,0
18022,1
15443,0
20540,1
16011,0
9355,1
3848,0
12332,0
3740,1
15813,1
4182,1
7503,0
19020,0
25877,1
27470,0
25008,0
14046,0
3349,1
7260,0
12279,0
24475,0
23700,1
26651,1
1572,0
21219,1
17887,0
14898,0
4219,1
7912,0
26195,1
11335,1
411,0
820,0
24560,1
5090,0
621,1
26985,1
744,1
3080,1
19653,1
11868,1
26024,0
11420,1
8377,1
3288,0
13099,0
11521,0
11682,1
6815,0
16539,1
2165,0
14002,0
22764,0
1584,1
25928,0
18775,0
8615,1
10059,1
3138,0
9478,1
7294,1
27244,1
7676,0
22837,1
15824,1
13574,0
1287,0
23512,1
6580,1
11935,0
5099,1
22329,1
21410,0
13552,1
27521,1
27035,0
11574,1
18239,0
7685,1
27076,1
2238,1
4201,1
3847,1
10427,0
7168,0
14085,0
3702,0
9651,1
2571,1
19431,0
23694,1
1338,0
24561,0
25128,1
21837,1
7030,1
8538,0
26954,0
27483,0
13943,0
24662,1
22460,0
22511,0
4772,0
12560,1
1807,1
24467,0
24806,0
12339,1
8449,0
22811,0
24660,0
26250,0
13802,1
11153,0
12958,0
24551,0
11061,0
24138,0
6561,0
5116,0
21236,1
344,1
456,0
7505,0
18780,1
3494,0
18502,0
22572,1
15337,0
5815,1
6706,1
11890,0
17086,0
5186,0
23466,0
15521,0
13137,0
1704,0
10820,0
24360,1
27799,1
13933,1
26910,0
8300,0
25531,0
24469,0
7565,0
4152,1
17196,0
17539,1
24624,0
1274,0
720,1
24139,0
8161,1
17728,1
6535,0
8141,0
6210,0
19043,1
5005,0
20773,1
20315,1
23645,0
25275,0
5195,1
18593,0
2273,0
6027,1
3699,1
26765,1
9526,0
16718,0
1329,1
19396,0
23728,0
9189,0
8010,1
12268,0
3448,0
12094,0
1571,1
23432,0
17135,0
24973,1
14992,0
3165,0
9201,0
21780,0
6267,1
20995,0
2074,0
26292,1
23157,0
7138,0
14275,1
9103,0
4256,0
6633,0
24767,1
24103,1
3658,1
257,0
2202,0
27226,1
15148,0
10827,1
27313,1
16706,1
21645,0
26925,0
17004,0
9358,0
17237,0
17892,1
23165,1
5927,0
4660,1
21943,1
5584,0
21416,0
24863,0
484,0
13134,0
359,1
3733,1
12320,1
14463,0
10936,1
11398,1
16290,0
4810,1
23006,0
20798,0
7986,0
2527,0
23990,0
17108,0
5706,1
24871,0
27853,0
26091,0
27403,0
2450,1
6946,0
18578,1
16908,0
26491,0
14707,1
21155,1
10887,1
21207,1
4834,1
3612,0
12170,1
6120,0
18790,1
836,0
17512,0
3566,0
15658,1
24878,0
10328,1
15259,0
24297,1
5504,0
15878,1
766,0
22448,1
803,0
10008,0
20952,0
334,1
16352,0
25530,0
2678,0
18223,0
15703,0
11405,0
20483,0
3689,1
1676,0
2549,1
1061,1
3369,1
7442,1
14105,0
8054,0
18955,1
15049,1
41,1
21323,1
8765,0
13037,0
1966,0
26357,1
18167,0
3213,1
19031,0
4026,1
18507,1
1698,1
16483,1
10939,0
12681,0
3254,1
2923,1
16266,0
7952,0
4568,0
15752,1
19513,1
741,1
25640,1
12369,1
2053,1
4936,1
26561,0
15026,0
19672,0
10700,0
19277,1
2545,0
21723,0
15380,0
6136,1
101,1
20996,1
14575,1
133,0
12354,1
6904,0
222,1
1827,0
24074,0
2825,1
6179,1
12613,1
3483,1
11028,0
24689,1
1943,0
8922,0
25767,0
9698,0
26606,1
5955,1
4720,0
15232,1
9971,0
21351,0
21859,0
23519,1
27159,0
10664,1
20575,1
27010,0
9736,1
8757,0
26152,1
8829,0
239,0
2012,1
10579,0
6084,1
5096,1
14832,0
7267,0
27630,0
20407,0
2447,1
6095,0
9755,0
1498,1
24924,0
11466,0
15771,0
21376,0
2733,0
9008,0
4851,0
22926,0
23591,1
13512,0
5042,0
9464,1
12036,0
2485,0
6599,0
26689,0
3328,1
19428,0
22060,0
10124,1
3519,1
829,1
3988,1
23162,1
25841,0
4653,0
16162,0
10631,1
4490,1
6835,1
9729,1
21190,1
24800,1
8247,1
6292,0
15112,1
18741,1
16177,1
12421,1
26466,1
23315,0
26842,1
18764,0
26137,0
15174,1
5045,0
7667,1
23993,1
25779,0
23549,0
13608,0
3429,0
22833,0
20804,1
10610,1
22567,1
6600,0
12281,1
7713,0
24499,1
18166,1
13385,1
18794,0
5764,0
20925,1
16421,0
22867,0
6148,1
13293,1
7510,0
24540,0
6425,0
15626,1
8929,0
10261,1
12727,0
353,0
12769,0
14205,0
13593,1
6730,0
14944,1
16632,0
26534,1
27075,0
22647,0
4275,1
7364,1
23978,1
8409,0
5359,0
15772,0
17504,0
3571,1
17956,0
10312,1
19002,0
15101,1
26785,1
11666,1
20510,0
14795,0
17933,1
10852,1
9685,0
27774,1
7255,1
22289,1
26135,1
8670,1
27407,0
24164,1
24956,0
7,1
5331,1
1255,0
9857,0
3958,1
23929,0
2090,1
290,0
20568,0
16174,0
1749,0
21175,0
24202,1
18611,1
4235,0
27697,1
2649,0
17099,1
27585,0
7467,0
23547,1
25267,1
22920,0
19398,0
20138,0
5923,0
18815,0
14905,1
21702,0
18781,0
6662,1
24833,1
20812,0
12593,1
6003,0
23068,1
15262,1
14093,0
16302,0
14577,0
23660,1
19422,0
26081,0
7698,0
27754,0
21668,1
7353,1
25870,0
24992,0
17361,1
4031,1
2375,1
21939,0
19697,1
3884,1
22686,0
6948,0
19468,0
26049,0
16004,0
10434,0
24898,0
123,0
1405,0
24474,0
15239,1
11753,0
22598,1
10519,1
10513,1
16621,0
13561,0
19775,0
25066,0
10227,0
15308,0
12754,0
1768,0
27746,0
9500,0
2322,0
1243,1
16597,0
9707,0
21206,0
26888,0
13197,1
25020,1
22115,0
900,1
15281,0
4410,0
2255,0
3769,1
2806,1
2681,0
20338,0
18175,0
22470,0
27224,1
18274,0
3960,0
3314,0
12806,1
7174,1
18692,1
11658,1
22650,0
15968,0
27577,0
9687,0
27406,0
24269,0
24193,1
11674,0
17344,0
20689,1
6077,0
26716,1
10506,1
15808,1
20305,0
22506,1
17104,1
6062,0
11915,0
12506,1
9936,0
22374,0
19504,1
24047,1
9453,0
17423,1
23200,0
14909,0
4241,0
10042,0
3237,0
11783,0
26234,1
23580,0
26995,1
3162,1
22624,0
7826,0
12745,0
9198,1
6872,1
20484,0
11238,1
6921,1
6649,1
16658,1
10743,0
23661,1
26952,0
1077,1
8196,1
15063,0
3826,0
8517,1
5857,0
27628,0
6061,0
3207,1
16429,1
22037,1
22540,1
24424,0
13314,1
2150,1
14041,1
12573,0
20805,0
3489,1
27199,1
26161,0
5887,1
7923,0
19193,1
17756,0
13867,1
6346,0
5477,0
2380,0
10899,0
8810,0
27175,0
21846,1
3529,1
4420,0
604,1
4149,0
23853,0
20660,0
13903,1
12556,1
875,1
23798,0
13821,0
13328,1
22697,0
2467,1
10867,0
27513,1
21690,1
6593,1
9939,1
8394,0
3724,0
11297,1
23582,1
21509,0
27769,0
21012,1
24488,0
24150,1
1365,1
23945,0
575,0
3204,1
1023,0
12078,0
7107,1
4442,1
21533,1
12628,1
8295,1
14514,0
20472,0
12052,1
19640,0
2065,1
17363,0
14851,1
913,1
10224,1
5061,0
5859,1
1859,0
509,0
19644,1
26344,0
17146,0
14720,0
8936,0
5245,1
14034,0
2814,0
26669,0
20464,1
13278,0
11827,0
16324,0
9731,0
11497,0
11541,0
15736,1
2697,0
4534,1
24227,0
21667,0
11897,1
12509,1
9129,1
14272,1
4550,0
6624,1
6899,1
25183,1
2220,0
7395,0
25155,1
24237,0
7880,1
17856,1
5719,1
902,0
23159,0
6501,0
21652,0
24435,1
513,1
17011,0
9469,0
2115,0
8510,0
16852,1
3501,1
15121,1
5652,1
251,1
2915,0
26540,0
20329,0
9931,1
25886,1
15430,1
5888,0
1601,0
25347,0
20799,0
2338,0
3157,0
14530,0
17212,0
21966,1
25422,0
22142,0
25143,0
12705,0
15889,0
1256,1
11012,1
27675,1
2992,1
263,0
13722,1
9532,1
25103,0
1097,1
4291,0
15212,0
11067,0
26906,1
3336,1
16463,1
9296,0
11681,0
22038,1
20837,0
9226,0
27522,1
21255,1
15570,1
19331,0
14313,1
23032,1
9214,0
4705,1
11945,1
4510,0
13989,1
11550,0
3821,1
24961,0
27772,1
11144,1
11145,0
4634,1
1047,0
13713,1
9237,0
8516,1
4475,0
26070,1
2546,0
10091,0
23663,1
12220,0
17471,1
3012,0
7499,0
22531,0
7046,0
8485,1
11919,0
1090,1
22468,0
9254,1
13441,0
4010,0
23107,0
26532,0
25766,0
7104,0
18072,0
7534,0
26957,1
10868,1
25481,1
21291,0
22637,0
10132,1
10469,1
8091,0
8617,1
25271,1
13011,0
22323,1
17941,1
25699,1
16129,1
810,0
15426,1
12176,1
3714,1
24865,0
224,1
20617,0
3846,0
12014,1
5348,0
8074,0
23838,1
7591,1
15057,0
1504,1
3018,0
19762,1
21885,1
16851,0
21855,0
24783,1
12978,0
3261,1
22721,1
9038,0
14681,0
13360,0
1771,0
15056,1
1377,0
25998,1
8375,0
13888,0
4159,1
9658,0
